TransactionID,CustomerID,TransactionDate,Amount,Category,RiskScore,ClaimApproved
sdv-id-ICCrKP,sdv-id-ttsVHZ,2023-04-29,118.70947648666166,Health,11.820802852341458,True
sdv-id-neCYKk,sdv-id-PqrJfj,2023-02-14,44.583925594925844,Travel,4.409947367448802,True
sdv-id-xHgNYz,sdv-id-mlYpPD,2023-03-28,86.65963028664048,Health,8.615595184750347,True
sdv-id-ryBWWY,sdv-id-LZJZmM,2023-03-06,64.7159973895147,Travel,6.420804598136862,False
sdv-id-XFiQnS,sdv-id-NjqoNH,2023-02-22,52.956363755296756,Food,5.246376432702244,True
sdv-id-cDJtjy,sdv-id-SiucWE,2023-03-12,71.21463522022546,Travel,7.070899324061944,True
sdv-id-pFifIY,sdv-id-VvccAE,2023-01-29,29.35451582316235,Health,2.8830938203213385,False
sdv-id-FjlPaJ,sdv-id-MfKoKr,2023-02-08,39.42553848845053,Health,3.8902663394262813,True
sdv-id-fEBbFu,sdv-id-FVWkwP,2023-03-25,83.6435346634185,Food,8.317811466241553,False
sdv-id-npAuXB,sdv-id-FIIWjM,2023-03-23,81.95026531640538,Travel,8.146085902807037,False
sdv-id-XUPkeK,sdv-id-QWzeOt,2023-03-28,86.71912868369412,Travel,8.62155079649564,False
sdv-id-rUjFNB,sdv-id-mlEkMN,2023-03-01,59.91215952652591,Health,5.944328240062154,True
sdv-id-ciiVoi,sdv-id-pucIEm,2023-03-03,62.45245658638139,Health,6.191848839525702,True
sdv-id-nTEYtA,sdv-id-VzefNL,2023-04-13,102.66709811190624,Health,10.2175085270333,True
sdv-id-pJQzxP,sdv-id-aQANgS,2023-01-20,20.14566902165341,Food,1.9657360475851355,True
sdv-id-XqvmFO,sdv-id-ESreRm,2023-05-11,131.40207659013018,Food,13.089296834624143,False
sdv-id-brwQri,sdv-id-GHKMvb,2023-05-21,140.7767047988466,Health,14.025434844390066,False
sdv-id-cgczVX,sdv-id-YLIPRj,2023-03-06,64.93712993084178,Health,6.442231104002976,False
sdv-id-fIwUZF,sdv-id-ajQzVT,2023-03-05,64.08038049094664,Travel,6.356672880974457,True
sdv-id-bGbuKZ,sdv-id-YQMpZz,2023-01-01,0.5,Travel,0.0,False
sdv-id-NKurxW,sdv-id-mPEVCd,2023-01-10,9.656247959582615,Food,0.9149469666599837,True
sdv-id-BfEPDq,sdv-id-qxdTUU,2023-01-22,21.680701449124584,Travel,2.1177244001919586,False
sdv-id-FpupKg,sdv-id-FTALTE,2023-01-01,0.5,Health,0.0,False
sdv-id-HekSTV,sdv-id-GLieCJ,2023-02-17,47.67770098163726,Food,4.7210777658172685,True
sdv-id-aTjUxx,sdv-id-cginOf,2023-04-11,100.56689748381358,Food,10.009053730183311,False
sdv-id-YqHthk,sdv-id-hUXpwk,2023-01-01,0.5,Travel,0.0,False
sdv-id-tZctmP,sdv-id-OfmJzc,2023-05-09,129.10714984416322,Food,12.862219542335342,True
sdv-id-KqhRUa,sdv-id-oMaWjF,2023-01-18,18.10309995113341,Travel,1.7583242659445197,True
sdv-id-GaGSUq,sdv-id-FHjOIC,2023-05-07,127.48338151174329,Food,12.696312123459387,False
sdv-id-TCpDGB,sdv-id-YIHsxV,2023-03-04,62.53208059037793,Food,6.202819425529946,False
sdv-id-LOkAZQ,sdv-id-mPPGWJ,2023-04-28,118.24775655458522,Health,11.778379993780625,False
sdv-id-qsWSSt,sdv-id-EnPLgp,2023-01-25,25.39723564760819,Health,2.494986109785658,True
sdv-id-wZvZMF,sdv-id-elFwdM,2023-05-25,144.59173735896235,Food,14.408781692475568,False
sdv-id-NVSurs,sdv-id-vMiPlr,2023-01-12,11.926423515810733,Food,1.1424161920797609,True
sdv-id-BcnMhm,sdv-id-rxNNlk,2023-03-20,78.68552049383892,Food,7.819107486417351,False
sdv-id-VNmzoY,sdv-id-fywuuJ,2023-05-05,125.2111842516989,Travel,12.472928060924872,True
sdv-id-gQvWEQ,sdv-id-aouGoO,2023-05-30,149.5,Health,14.9,False
sdv-id-CbcKqk,sdv-id-jqgRxL,2023-04-01,91.1305111276199,Travel,9.060617989474249,False
sdv-id-ujLlrK,sdv-id-wJLidS,2023-04-14,103.78910179331804,Food,10.327325714750275,True
sdv-id-uUazeh,sdv-id-vxlUkI,2023-04-11,101.31777129872671,Health,10.085726918215038,False
sdv-id-NPovoX,sdv-id-miZbWe,2023-05-30,149.5,Travel,14.9,True
sdv-id-ztGBmV,sdv-id-hUUfcl,2023-02-22,52.620076603924986,Health,5.214093613292363,False
sdv-id-jFhyEA,sdv-id-DjkpIY,2023-01-01,0.5,Food,0.0,True
sdv-id-oYDbeY,sdv-id-hyKuVt,2023-01-01,0.5,Travel,0.0,False
sdv-id-XrYoEp,sdv-id-qLLIkk,2023-02-27,58.184587730479294,Travel,5.768836678893352,False
sdv-id-QgYWvu,sdv-id-sDcSdc,2023-02-27,58.44204602312428,Health,5.794874850204167,True
sdv-id-WEjhbc,sdv-id-oHXEic,2023-04-29,119.2973401840369,Travel,11.881883401562154,False
sdv-id-IyIXIs,sdv-id-IcWLqC,2023-05-30,149.5,Travel,14.9,True
sdv-id-RTVytf,sdv-id-hzkjKZ,2023-03-05,64.35920063436737,Travel,6.385270558538108,True
sdv-id-IEvNYq,sdv-id-jtrJkw,2023-01-19,18.768554002416707,Health,1.8275268303023662,False
sdv-id-ipwRkm,sdv-id-gMwEVy,2023-03-27,85.72202712698606,Health,8.522290387978014,False
sdv-id-MMvUJH,sdv-id-QUygDd,2023-01-21,21.46975648426092,Travel,2.0961873411573366,True
sdv-id-CsQOih,sdv-id-ZxFYPP,2023-03-30,88.7126332924475,Food,8.822961201150196,False
sdv-id-kaIfIe,sdv-id-jzoBzz,2023-03-12,70.69322052400219,Food,7.014761404661609,True
sdv-id-cjvtqB,sdv-id-AarBUB,2023-01-24,23.856330305121382,Food,2.334132944655458,False
sdv-id-gTrCKE,sdv-id-oQnqoU,2023-02-14,44.87409825270654,Travel,4.437781009330504,False
sdv-id-uvjcYz,sdv-id-dfdiwJ,2023-02-06,36.64258212529132,Food,3.616087817262554,False
sdv-id-nUGvxl,sdv-id-ZmOklf,2023-04-08,98.18130872714083,Health,9.766288851722033,False
sdv-id-rXUwle,sdv-id-YXFArz,2023-05-11,131.11428223453433,Health,13.059339634326001,False
sdv-id-CNESOt,sdv-id-boXkEz,2023-03-27,85.53156529422054,Health,8.504833972739302,True
sdv-id-PdzWiE,sdv-id-XRmMLp,2023-04-21,110.73315931887205,Food,11.022513762458631,True
sdv-id-kfLKyb,sdv-id-qFTnTZ,2023-01-01,0.5,Travel,0.0,True
sdv-id-ASrvvZ,sdv-id-azRuvB,2023-03-28,86.94061423090382,Travel,8.642725715385719,False
sdv-id-HsuASF,sdv-id-oHBACE,2023-04-28,117.868821504106,Health,11.739704453366137,False
sdv-id-gIHETd,sdv-id-PDyvJS,2023-02-08,38.78000588071781,Health,3.8258524482905596,False
sdv-id-xMEwAM,sdv-id-ItLbKe,2023-05-08,128.35404614049384,Food,12.789676657226861,False
sdv-id-hRJLwQ,sdv-id-WCfkMI,2023-04-03,92.98024975857388,Travel,9.250724836893518,True
sdv-id-OYtLAo,sdv-id-qrWihD,2023-05-01,121.30338846540641,Travel,12.079981991257103,True
sdv-id-qHpJst,sdv-id-rETMmi,2023-04-10,100.1526592567994,Travel,9.967161207003457,False
sdv-id-vAlPeZ,sdv-id-Sdggfr,2023-02-25,55.92623383842797,Travel,5.544903556477152,False
sdv-id-cfoHoY,sdv-id-vubqLj,2023-02-28,59.176720430260666,Food,5.867933059114474,False
sdv-id-QYYxvd,sdv-id-YmkpkR,2023-03-12,71.19900758122303,Health,7.073393108469798,True
sdv-id-dcxvmd,sdv-id-hCBvgQ,2023-02-01,32.25812650491156,Health,3.1760865288272973,False
sdv-id-MjOcYy,sdv-id-uFNEuE,2023-04-28,118.25308750248357,Travel,11.776444894112288,False
sdv-id-hkEqiZ,sdv-id-NyADpl,2023-04-06,96.24456944388714,Travel,9.5731839449952,True
sdv-id-kLgoum,sdv-id-vKMgIV,2023-03-25,84.46593999806711,Health,8.394881778967136,False
sdv-id-lwizYB,sdv-id-DMmbFS,2023-01-26,26.31437483928091,Travel,2.580065200694013,False
sdv-id-DvRjtM,sdv-id-vsGpWV,2023-03-18,76.97749882454836,Travel,7.646402165952522,False
sdv-id-cZGMrS,sdv-id-aXSNjD,2023-03-13,72.26554184126671,Travel,7.1734052725342545,True
sdv-id-uwdVVh,sdv-id-IBYcyw,2023-04-23,112.7393390162813,Food,11.223652418476053,False
sdv-id-ttKWWh,sdv-id-Dywsdq,2023-03-15,73.80166728421477,Health,7.330944358540852,True
sdv-id-BawoWx,sdv-id-ZmCTkv,2023-02-08,39.37963451791888,Travel,3.8877829488823736,False
sdv-id-KeQiVu,sdv-id-ReVqbW,2023-01-26,25.552531475825084,Food,2.5069048512856247,False
sdv-id-XSuaaV,sdv-id-TyOxsm,2023-04-04,93.72005674955146,Health,9.322338376804101,True
sdv-id-QPcwiq,sdv-id-NnCrFB,2023-02-25,56.26239402944286,Food,5.577762827857995,False
sdv-id-PcgvsF,sdv-id-bbEWNw,2023-02-18,48.75114970297852,Food,4.825132293502987,False
sdv-id-SsCGGd,sdv-id-BlzgYi,2023-01-27,27.00404137186564,Health,2.6496079115062736,False
sdv-id-KkNcXa,sdv-id-MlGpfA,2023-05-12,131.93925764659946,Food,13.141701904710718,False
sdv-id-TVerOy,sdv-id-xDtPBX,2023-01-01,1.0464043155050433,Food,0.0545972736934619,True
sdv-id-mNEUly,sdv-id-wrjKKN,2023-05-30,149.5,Health,14.9,True
sdv-id-ZLtNEz,sdv-id-ALwbJR,2023-03-14,73.29505478674356,Food,7.278251734893863,True
sdv-id-CcKjkP,sdv-id-bNsMCp,2023-01-08,8.048689051635492,Travel,0.7535781481518162,False
sdv-id-DsHemv,sdv-id-PmzITO,2023-01-01,0.5,Food,0.0,True
sdv-id-jrDzgL,sdv-id-jwsaJU,2023-05-11,131.10557782678586,Travel,13.062232729400655,False
sdv-id-EKeUIt,sdv-id-sDAKTE,2023-03-24,83.02436235590741,Health,8.254190828552545,False
sdv-id-WSzhLn,sdv-id-wmNURE,2023-02-12,42.911175477509666,Travel,4.23976376323685,True
sdv-id-znTOQQ,sdv-id-TqcMis,2023-01-30,30.47258502623162,Food,2.996833325565798,True
sdv-id-HpXDpu,sdv-id-CIooAA,2023-03-06,65.18776543271706,Travel,6.4712603540179,False
sdv-id-nUFYiG,sdv-id-mYOiRS,2023-05-08,128.50244780606715,Travel,12.799316787769243,False
sdv-id-vxnRer,sdv-id-fFMQwT,2023-05-29,148.51014261578896,Travel,14.799564504521943,False
sdv-id-qlBAWw,sdv-id-VKMHNc,2023-05-01,120.59543385050887,Travel,12.00913884701109,False
sdv-id-UgTtXm,sdv-id-zOVIxx,2023-02-05,35.57835680105345,Food,3.510142930047083,False
sdv-id-xuisPX,sdv-id-aJHftu,2023-01-01,0.5,Health,0.0,False
sdv-id-WAnseT,sdv-id-RuEAGX,2023-04-06,95.58287951600116,Travel,9.506009339945411,False
sdv-id-mxANoW,sdv-id-uSOEus,2023-03-02,61.29384371656126,Travel,6.080760010332305,True
sdv-id-NhFqfB,sdv-id-cmjwXh,2023-04-17,106.85683719668735,Travel,10.636504135814448,False
sdv-id-RVBTWH,sdv-id-arsGTQ,2023-01-29,29.279723906547915,Health,2.8781009046863177,False
sdv-id-Cnzirb,sdv-id-ECgNTg,2023-04-17,107.1490267863085,Travel,10.665829521470048,False
sdv-id-TMzFxq,sdv-id-xjtkmC,2023-05-13,132.67520006526726,Food,13.216426935765632,False
sdv-id-MMvitD,sdv-id-hEsmhS,2023-03-11,70.21520976716711,Travel,6.969618748411759,True
sdv-id-kGVcOQ,sdv-id-YRWMjm,2023-03-26,84.89912208405033,Travel,8.441007892570608,True
sdv-id-aWKcOw,sdv-id-tFiHvP,2023-02-16,46.92022464817399,Travel,4.642922849631448,False
sdv-id-dXoJYa,sdv-id-PYzJpz,2023-05-30,149.5,Health,14.9,True
sdv-id-yrqHrN,sdv-id-lQSkhv,2023-04-11,101.23484121409192,Travel,10.074555961718952,False
sdv-id-jsGiSF,sdv-id-SgbrZc,2023-03-23,81.72875540488907,Health,8.124454610177944,True
sdv-id-XeNESX,sdv-id-ueBPUR,2023-05-13,133.0296680193136,Travel,13.255177509795619,True
sdv-id-tekiaS,sdv-id-JjKyVQ,2023-03-16,75.07481659348367,Travel,7.454001254669962,False
sdv-id-NddxCv,sdv-id-cyWHLB,2023-02-07,38.31487354060466,Health,3.784676714750183,False
sdv-id-pcuxsu,sdv-id-boHzjN,2023-02-11,42.06498643317628,Travel,4.158389127668713,False
sdv-id-RYAdTs,sdv-id-pyhmbg,2023-05-12,131.78977197009146,Food,13.125752764709581,True
sdv-id-uVVLca,sdv-id-RMwwOY,2023-01-03,2.9541349018600442,Health,0.24609152702136505,True
sdv-id-KTntOU,sdv-id-RAukHd,2023-04-02,92.38518236509617,Health,9.186937345236974,True
sdv-id-FkGeFd,sdv-id-aKBhGc,2023-04-11,101.20217936390473,Travel,10.075056677036782,True
sdv-id-zbMcvs,sdv-id-tzijHd,2023-03-23,82.410204313099,Health,8.188823175049524,True
sdv-id-jFAWyb,sdv-id-PIqOLh,2023-03-08,67.4336145821027,Food,6.696889761984465,False
sdv-id-rCnSAf,sdv-id-bhahNK,2023-05-30,149.5,Health,14.9,True
sdv-id-TxoEud,sdv-id-AbEHbe,2023-04-18,108.20337986147956,Travel,10.773756626225824,False
sdv-id-ZlOqdn,sdv-id-yhRzkn,2023-02-20,51.017099927414364,Health,5.051666619814702,True
sdv-id-wWhorA,sdv-id-fReTOG,2023-03-27,86.50278277603783,Travel,8.60028289530529,True
sdv-id-yOYcxg,sdv-id-BiRYwg,2023-04-15,105.23820874209292,Food,10.474218309123268,True
sdv-id-QhmNcA,sdv-id-NMfDsx,2023-02-11,41.817286614359034,Travel,4.130654697658086,True
sdv-id-eymlnk,sdv-id-uOhcSv,2023-04-03,93.33349854861078,Health,9.283064611578475,True
sdv-id-GgprLW,sdv-id-YSjuDe,2023-01-01,0.5,Travel,0.0,False
sdv-id-KPxJYH,sdv-id-oKYaNX,2023-01-17,17.14191304867426,Food,1.663217245847135,False
sdv-id-KbDBCv,sdv-id-PiAlxk,2023-03-20,78.96480788180362,Travel,7.8477384203260225,False
sdv-id-dCbnaf,sdv-id-bgBtCE,2023-03-06,64.6473160508256,Travel,6.418105297874215,False
sdv-id-KbZtlh,sdv-id-QekZAO,2023-02-14,45.438033064576445,Health,4.495027117094605,True
sdv-id-pvBNNd,sdv-id-BiyKxi,2023-03-01,59.96711302477258,Travel,5.946519135457951,False
sdv-id-FWvbKg,sdv-id-GKbxvC,2023-03-31,90.30528554760241,Travel,8.981985276353141,False
sdv-id-KjMLkt,sdv-id-wWmoZO,2023-01-01,0.5,Food,0.0,False
sdv-id-yjPcQL,sdv-id-iyPKej,2023-03-29,88.31585912652538,Food,8.782552893675133,False
sdv-id-yRKXMs,sdv-id-EtofBB,2023-05-06,125.61308734617373,Health,12.510183449682874,False
sdv-id-gjBXQv,sdv-id-rmftGj,2023-02-09,39.60961041326232,Food,3.909865438899586,False
sdv-id-whAYXI,sdv-id-xhZCfS,2023-05-25,144.6153738450215,Health,14.410390854271967,True
sdv-id-dRlcNo,sdv-id-IktZIm,2023-03-14,73.00230799472294,Health,7.24963202769669,True
sdv-id-XWibeP,sdv-id-bQZKBs,2023-03-13,71.6272215815404,Food,7.113778596330898,True
sdv-id-wylHEF,sdv-id-aaAaPu,2023-05-24,144.11706463807263,Food,14.36142142900866,False
sdv-id-dbNyOK,sdv-id-VReaYr,2023-05-17,136.56208415484127,Travel,13.602378423146789,True
sdv-id-WFMmNn,sdv-id-Uxqzwu,2023-01-13,12.829571400543529,Travel,1.2316003001336409,True
sdv-id-kzWccv,sdv-id-wvodNO,2023-02-16,46.87433877598099,Food,4.636237567960501,False
